{
  "buyer": [
    {
      "id": 101,
      "email": "Ashishverma001@xyz.com",
      "password": "ashu1234",
      "name": "Ashish Verma",
      "phoneNo": "9897979799",
      "city": "Mathura",
      "state": "Uttar Pradesh"
    },
    {
      "id": 102,
      "email": "Shivamsingh001@xyz.com",
      "password": "password001",
      "name": "Shivam Singh",
      "phoneNo": "9658745965",
      "city": "Varanasi",
      "state": "Uttar Pradesh"
    },
    {
      "id": 103,
      "email": "Nishantsharma01@xyz.com",
      "password": "password02",
      "name": "Nishant Sharama",
      "phoneNo": "9856741236",
      "city": "Greater Noida",
      "state": "Uttar Pradesh"
    },
    {
      "id": 104,
      "email": "ashishverma792@gmail.com",
      "password": "12345678",
      "name": "Ashish Verma",
      "city": "NONE",
      "phoneNo": "8439345867",
      "state": "NONE"
    },
    {
      "id": 105,
      "email": "shivamsingh@gmail.com",
      "password": "pass",
      "name": "shivam singh",
      "city": "NONE",
      "phoneNo": "123456789",
      "state": "NONE"
    },
    {
      "id": 106,
      "email": "nishat07july@gmail.com",
      "password": "qwerty",
      "name": "nishant",
      "city": "NONE",
      "phoneNo": "9876543210",
      "state": "NONE"
    }
  ]
}